"['timestamp', 'temperature', 'humidity', 'pressure', 'air_quality', 'pm_2_5', 'pm_1_0', 'pm_10', 'wind_speed', 'wind_direction']"
2024-04-04 05:54:18.539889,34.85,66.5,1004.03,164,91,63,94,1.9,44
2024-04-04 05:54:18.846362,34.85,66.47,1004.03,162,91,63,94,1.52,37
2024-04-04 05:54:19.945123,34.84,66.5,1004.04,162,91,63,93,1.5,50
2024-04-04 05:54:22.947902,34.84,66.55,1004.03,161,91,63,93,1.6,64
2024-04-04 05:54:26.244410,34.84,66.6,1004.04,162,90,63,93,1.78,73
2024-04-04 05:54:29.589024,34.84,66.61,1004.04,161,90,63,93,1.53,67
2024-04-04 05:54:32.490491,34.84,66.62,1004.04,161,90,62,92,1.23,36
2024-04-04 05:54:35.358425,34.84,66.63,1004.03,163,89,62,92,1.02,25
2024-04-04 05:54:38.784728,34.83,66.67,1004.05,163,89,62,92,0.87,26
2024-04-04 05:54:41.760954,34.82,66.72,1004.05,163,88,61,91,0.83,47
2024-04-04 05:54:45.159784,34.82,66.76,1004.05,164,88,61,91,1.21,50
2024-04-04 05:54:47.922741,34.81,66.78,1004.05,164,87,60,90,1.08,61
2024-04-04 05:54:50.807944,34.8,66.82,1004.04,165,87,60,90,1.36,78
2024-04-04 05:54:53.839377,34.79,66.86,1004.04,166,86,60,90,1.2,74
2024-04-04 05:55:02.798020,34.79,66.89,1004.04,164,86,60,90,1.03,59
2024-04-04 05:55:03.929189,34.78,66.89,1004.05,164,85,59,89,0.98,47
2024-04-04 05:55:04.250066,34.78,66.89,1004.05,163,85,59,89,0.85,56
2024-04-04 05:55:06.472280,34.78,66.85,1004.05,162,84,59,89,0.96,73
2024-04-04 05:55:09.539161,34.78,66.85,1004.04,161,83,59,89,0.92,90
2024-04-04 05:55:12.708450,34.78,66.87,1004.04,161,83,58,89,1.12,90
2024-04-04 05:55:15.698831,34.77,66.87,1004.05,163,83,58,89,1.16,69
2024-04-04 05:55:18.725369,34.76,66.92,1004.04,163,83,58,89,1.55,68
2024-04-04 05:55:22.142855,34.76,66.95,1004.05,163,82,58,89,1.71,59
2024-04-04 05:55:24.920378,34.75,66.97,1004.06,162,82,58,89,1.39,50
2024-04-04 05:55:28.056915,34.75,66.99,1004.06,162,82,58,88,1.26,44
2024-04-04 05:55:31.094612,34.75,66.97,1004.07,161,82,58,88,1.36,48
2024-04-04 05:55:34.428664,34.75,66.99,1004.07,161,81,58,88,1.11,60
2024-04-04 05:55:37.415146,34.74,67.02,1004.06,162,81,58,88,0.84,66
2024-04-04 05:55:40.432470,34.73,67.1,1004.05,161,81,58,87,1.26,71
2024-04-04 05:55:43.635811,34.73,67.09,1004.04,161,81,58,87,1.31,74
2024-04-04 05:55:46.517027,34.73,67.1,1004.04,162,81,58,87,1.4,78
2024-04-04 05:55:49.587103,34.72,67.12,1004.02,163,80,57,86,1.36,75
2024-04-04 05:55:52.774346,34.71,67.16,1004.02,163,80,57,86,1.7,72
2024-04-04 05:56:02.562508,34.66,68.24,1004.01,143,80,57,86,2.41,66
2024-04-04 05:56:05.567707,34.64,67.86,1004.01,151,80,57,86,2.09,65
2024-04-04 05:56:08.609240,34.65,67.58,1004,156,80,56,85,1.66,61
2024-04-04 05:56:11.785521,34.65,67.46,1004,157,80,56,85,1.21,53
2024-04-04 05:56:15.135001,34.65,67.42,1004.01,159,80,56,85,1.14,26
2024-04-04 05:56:18.042653,34.66,67.39,1004.01,160,80,55,84,1.19,17
2024-04-04 05:56:21.010822,34.66,67.39,1004.03,159,80,55,84,1.15,30
2024-04-04 05:56:24.197315,34.65,67.42,1004.03,159,80,55,84,0.97,37
2024-04-04 05:56:27.064251,34.65,67.48,1004.04,160,80,55,83,0.69,24
2024-04-04 05:56:30.310888,34.64,67.54,1004.04,161,80,55,83,0.77,29
2024-04-04 05:56:33.422226,34.63,67.59,1004.03,161,80,55,83,1.15,35
2024-04-04 05:56:36.354867,34.63,67.59,1004.04,161,80,55,83,1.6,40
2024-04-04 05:56:40.010324,34.63,67.59,1004.04,161,80,55,83,1.84,50
2024-04-04 05:56:42.489288,34.62,67.61,1004.04,162,79,55,82,1.85,50
2024-04-04 05:56:45.612621,34.62,67.63,1004.04,161,79,55,82,2.16,54
2024-04-04 05:56:48.665412,34.62,67.64,1004.03,163,79,54,82,2.16,60
2024-04-04 05:56:51.809384,34.61,67.63,1004.01,162,79,54,82,2.69,64
2024-04-04 05:56:55.314633,34.61,67.62,1004.01,162,78,54,81,2.06,73
2024-04-04 05:56:58.208847,34.6,67.66,1004.01,164,78,53,81,1.5,73
2024-04-04 05:57:01.075535,34.59,67.7,1004.01,163,78,53,81,0.91,40
2024-04-04 05:57:12.184218,34.59,67.72,1004.02,162,77,52,81,0.51,0
2024-04-04 05:57:12.851762,34.59,67.75,1004.03,164,77,52,81,0.69,309
2024-04-04 05:57:13.164825,34.58,67.83,1004.03,163,77,53,81,0.96,307
2024-04-04 05:57:13.585610,34.58,67.86,1004.05,162,77,53,81,0.86,333
2024-04-04 05:57:16.738079,34.58,67.88,1004.05,161,77,52,81,0.55,0
2024-04-04 05:57:19.634818,34.58,67.87,1004.04,162,77,52,81,0,0
2024-04-04 05:57:23.006461,34.57,67.87,1004.05,163,75,51,80,1.01,61
2024-04-04 05:57:25.815711,34.57,67.87,1004.04,161,76,52,81,1.21,64
2024-04-04 05:57:28.876146,34.57,67.87,1004.03,162,75,51,79,1.09,73
2024-04-04 05:57:32.277252,34.56,67.86,1004.03,162,75,51,79,1.21,72
2024-04-04 05:57:35.468263,34.56,67.85,1004.03,160,76,52,80,1.37,90
2024-04-04 05:57:38.202770,34.56,67.84,1004.04,161,75,51,79,0.96,59
2024-04-04 05:57:41.271626,34.55,67.81,1004.04,160,75,51,79,0.57,0
2024-04-04 05:57:44.348456,34.54,67.83,1004.04,161,76,52,80,0.8,59
2024-04-04 05:57:47.585445,34.54,67.84,1004.05,160,76,52,80,0.8,53
2024-04-04 05:57:50.901345,34.54,67.85,1004.05,160,75,51,80,1.34,40
2024-04-04 05:57:53.681164,34.54,67.87,1004.05,158,75,51,80,1.2,47
2024-04-04 05:57:56.938735,34.54,67.88,1004.07,158,74,51,80,1.34,66
2024-04-04 05:58:00.416101,34.54,67.85,1004.07,158,74,51,80,1.8,72
2024-04-04 05:58:03.289827,34.53,67.87,1004.06,157,75,53,81,1.72,72
2024-04-04 05:58:06.432439,34.53,67.86,1004.06,158,74,52,80,1.36,68
2024-04-04 05:58:09.127813,34.53,67.86,1004.06,160,74,52,80,0.91,42
2024-04-04 05:58:12.526245,34.53,67.86,1004.06,157,76,53,82,0.85,48
2024-04-04 05:58:15.352802,34.53,67.86,1004.06,156,75,52,81,0.62,90
2024-04-04 05:58:18.577251,34.53,67.87,1004.07,158,76,53,83,0.5,90
2024-04-04 05:58:21.597588,34.53,67.87,1004.07,158,76,53,83,0,0
2024-04-04 05:58:24.717698,34.53,67.88,1004.06,157,77,52,83,0,0
2024-04-04 05:58:27.792134,34.53,67.87,1004.07,157,77,52,83,0,0
2024-04-04 05:58:31.192332,34.53,67.89,1004.08,157,78,53,83,0,0
2024-04-04 05:58:34.059272,34.53,67.88,1004.07,157,79,54,84,0,0
2024-04-04 05:58:37.375714,34.53,67.87,1004.08,157,78,53,83,0,0
2024-04-04 05:58:40.250879,34.52,67.87,1004.09,157,80,54,85,0,0
2024-04-04 05:58:43.146666,34.52,67.88,1004.09,157,79,53,84,0,0
2024-04-04 05:58:46.431090,34.52,67.87,1004.09,156,79,53,84,0,0
2024-04-04 05:58:55.548426,34.52,67.87,1004.09,156,80,54,85,0,0
2024-04-04 05:58:56.315179,34.52,67.9,1004.1,156,79,53,84,1.2,48
2024-04-04 05:58:56.631939,34.51,67.91,1004.1,157,80,53,84,1.78,57
2024-04-04 05:58:58.809381,34.51,67.95,1004.09,157,80,53,84,1.58,65
2024-04-04 05:59:02.303977,34.51,67.95,1004.1,158,81,54,85,1.36,67
2024-04-04 05:59:05.559059,34.51,67.96,1004.1,158,80,52,84,1.43,69
2024-04-04 05:59:08.029880,34.51,67.95,1004.09,157,80,52,84,1.64,75
2024-04-04 05:59:10.988661,34.51,67.95,1004.09,156,79,52,84,0.98,90
2024-04-04 05:59:14.245443,34.51,67.94,1004.11,156,80,52,85,0.59,43
2024-04-04 05:59:17.418011,34.51,67.94,1004.11,155,79,51,83,0.58,31
2024-04-04 05:59:20.617130,34.5,67.94,1004.1,153,78,50,83,0.51,40
2024-04-04 05:59:23.678051,34.5,67.92,1004.09,154,78,50,83,0,0
2024-04-04 05:59:26.863931,34.5,67.92,1004.09,153,78,50,83,0,0
2024-04-04 05:59:29.548238,34.51,67.9,1004.09,152,77,50,83,0,0
2024-04-04 05:59:32.906705,34.51,67.9,1004.09,151,77,50,83,0,0
2024-04-04 05:59:35.921346,34.51,67.88,1004.09,150,77,50,83,0,0
2024-04-04 05:59:38.927925,34.51,67.88,1004.08,150,77,50,83,0,0
2024-04-04 05:59:41.960992,34.51,67.9,1004.07,150,76,50,83,0,0
2024-04-04 05:59:45.085958,34.51,67.88,1004.07,153,76,50,82,0,0
2024-04-04 05:59:48.279727,34.51,67.92,1004.08,153,76,51,82,0,0
2024-04-04 05:59:51.338276,34.51,67.92,1004.09,152,76,51,82,0,0
2024-04-04 05:59:54.441623,34.51,67.91,1004.09,152,76,51,82,0,0
2024-04-04 05:59:57.927364,34.51,67.9,1004.09,152,76,51,81,0,0
2024-04-04 06:00:00.588083,34.51,67.9,1004.1,152,76,51,81,0,0
2024-04-04 06:00:04.014696,34.51,67.91,1004.1,152,76,51,81,0,0
2024-04-04 06:00:08.197302,34.51,67.91,1004.11,152,76,51,81,0,0
2024-04-04 06:00:09.996350,34.52,67.9,1004.11,152,77,51,80,0,0
2024-04-04 06:00:13.017327,34.52,67.89,1004.11,151,77,51,80,0,0
2024-04-04 06:00:16.279350,34.52,67.89,1004.1,150,77,51,80,0.72,90
2024-04-04 06:00:19.060933,34.52,67.86,1004.11,151,77,52,80,0.88,58
2024-04-04 06:00:22.255791,34.52,67.87,1004.11,151,77,52,80,1.08,49
2024-04-04 06:00:25.294804,34.52,67.9,1004.12,150,77,52,80,0.93,56
2024-04-04 06:00:28.603172,34.52,67.89,1004.12,149,77,52,80,0.79,47
2024-04-04 06:00:31.658623,34.52,67.89,1004.13,149,77,52,80,0.62,52
2024-04-04 06:00:34.669114,34.53,67.87,1004.14,149,77,52,80,0,0
2024-04-04 06:00:37.678236,34.53,67.89,1004.13,150,77,52,80,0,0
2024-04-04 06:00:48.204611,34.53,67.91,1004.13,150,78,52,80,0,0
2024-04-04 06:00:48.988968,34.53,67.92,1004.14,150,78,52,80,0,0
2024-04-04 06:00:49.286411,34.53,67.91,1004.13,149,78,52,80,0,0
2024-04-04 06:00:50.099292,34.53,67.92,1004.13,150,78,53,80,0,0
2024-04-04 06:00:53.099930,34.53,67.94,1004.15,151,78,53,81,1.03,44
2024-04-04 06:00:56.146428,34.53,67.94,1004.14,150,78,53,81,1.16,61
2024-04-04 06:00:59.576164,34.52,67.96,1004.13,151,79,53,81,1.27,51
2024-04-04 06:01:02.337254,34.52,67.96,1004.15,152,79,53,81,1.2,61
2024-04-04 06:01:05.444904,34.51,67.98,1004.14,152,79,53,81,0.9,45
2024-04-04 06:01:08.698274,34.51,67.99,1004.15,151,78,53,81,0.55,43
2024-04-04 06:01:12.155110,34.51,67.98,1004.15,151,78,53,81,0,0
2024-04-04 06:01:15.021450,34.51,67.98,1004.15,150,77,52,81,0.73,61
2024-04-04 06:01:18.079637,34.51,67.96,1004.15,150,77,53,81,1.43,57
2024-04-04 06:01:21.091219,34.51,67.97,1004.14,151,77,53,81,1.92,64
2024-04-04 06:01:24.126705,34.51,67.99,1004.14,152,78,53,82,1.77,60
2024-04-04 06:01:27.104647,34.5,67.99,1004.14,152,78,53,82,1.82,57
2024-04-04 06:01:30.260874,34.5,68,1004.14,152,78,53,82,2.14,66
2024-04-04 06:01:33.517024,34.49,68.03,1004.14,152,77,53,82,2.12,62
2024-04-04 06:01:36.625060,34.49,68.06,1004.14,153,77,53,82,1.86,56
2024-04-04 06:01:40.027005,34.48,68.09,1004.13,153,77,53,82,1.72,59
2024-04-04 06:01:42.909171,34.48,68.11,1004.14,152,77,53,82,1.79,53
2024-04-04 06:01:53.291763,34.47,68.12,1004.14,153,77,53,82,1.57,46
2024-04-04 06:01:54.430057,34.47,68.13,1004.15,153,76,53,82,1.51,42
2024-04-04 06:01:54.752030,34.46,68.15,1004.15,153,76,53,82,1.81,48
2024-04-04 06:02:02.488278,34.46,68.18,1004.14,152,75,53,82,1.58,57
2024-04-04 06:02:03.434513,34.45,68.18,1004.14,153,75,53,82,1.28,67
2024-04-04 06:02:03.742478,34.45,68.19,1004.14,152,75,52,82,1.27,59
2024-04-04 06:02:04.447888,34.45,68.19,1004.14,152,75,52,81,1.48,57
2024-04-04 06:02:28.900115,34.44,68.2,1004.14,152,74,52,81,1.69,56
2024-04-04 06:02:30.343427,34.44,68.2,1004.12,152,75,53,82,1.63,56
2024-04-04 06:02:30.668981,34.44,68.23,1004.13,152,75,53,82,1.87,55
2024-04-04 06:02:30.691919,34.43,68.25,1004.14,153,76,53,83,1.87,57
2024-04-04 06:02:30.699415,34.42,68.27,1004.14,153,76,53,82,1.92,65
2024-04-04 06:02:30.704807,34.41,68.32,1004.16,152,76,53,82,1.92,61
2024-04-04 06:02:30.705440,34.4,68.34,1004.16,152,76,53,82,1.78,53
2024-04-04 06:02:33.674697,34.39,68.37,1004.16,151,77,53,82,2.04,44
2024-04-04 06:02:34.428775,34.39,68.37,1004.17,149,77,53,82,2.34,43
2024-04-04 06:02:35.148686,34.39,68.39,1004.17,150,76,52,81,2.25,44
2024-04-04 06:02:38.350867,34.38,68.4,1004.17,149,77,53,83,2.25,47
2024-04-04 06:02:41.563341,34.38,68.41,1004.16,150,78,53,83,2.12,60
2024-04-04 06:02:44.498739,34.37,68.43,1004.14,151,77,52,83,2.46,54
2024-04-04 06:02:47.590629,34.36,68.49,1004.14,150,78,53,83,2.23,43
2024-04-04 06:02:50.722659,34.35,68.5,1004.14,152,79,54,84,2.28,62
2024-04-04 06:02:53.787106,34.34,68.55,1004.13,151,79,54,84,2.86,65
2024-04-04 06:02:57.250904,34.34,68.55,1004.13,150,79,54,85,3.55,68
2024-04-04 06:02:59.940398,34.33,68.59,1004.1,151,78,53,84,3.27,67
2024-04-04 06:03:03.233731,34.33,68.56,1004.1,151,79,53,84,2.78,55
2024-04-04 06:03:06.632821,34.32,68.53,1004.12,152,79,54,85,2.14,37
2024-04-04 06:03:12.512378,34.32,68.56,1004.14,151,78,53,84,1.61,25
2024-04-04 06:03:13.908344,34.32,68.58,1004.15,151,79,54,85,1.48,43
2024-04-04 06:03:15.419376,34.31,68.6,1004.14,150,78,53,84,0.88,44
2024-04-04 06:03:18.451951,34.31,68.61,1004.13,148,78,53,84,0.69,53
2024-04-04 06:03:28.872264,34.31,68.6,1004.13,147,78,53,84,0.94,40
2024-04-04 06:03:29.820731,34.31,68.6,1004.14,148,77,52,83,1.13,51
2024-04-04 06:03:30.130470,34.31,68.6,1004.15,147,76,51,82,1.66,71
2024-04-04 06:03:31.060876,34.31,68.6,1004.14,149,76,51,81,1.92,75
2024-04-04 06:03:34.067524,34.31,68.58,1004.13,150,76,52,82,1.91,61
2024-04-04 06:03:37.108238,34.31,68.57,1004.13,148,76,52,81,1.74,35
2024-04-04 06:03:40.231841,34.31,68.57,1004.14,149,76,52,81,2.03,39
2024-04-04 06:03:43.408127,34.31,68.57,1004.14,149,76,52,81,1.75,55
2024-04-04 06:04:03.769444,34.3,68.58,1004.14,149,75,51,80,2.04,55
2024-04-04 06:04:04.534998,34.3,68.6,1004.13,149,75,50,80,2.25,58
2024-04-04 06:04:04.847437,34.28,68.64,1004.13,151,75,50,80,2.92,59
2024-04-04 06:04:04.862333,34.26,68.71,1004.13,150,75,50,80,2.97,58
2024-04-04 06:04:04.864974,34.26,68.75,1004.13,149,74,50,80,3.09,57
2024-04-04 06:04:04.866871,34.26,68.74,1004.12,150,74,50,80,3.08,59
2024-04-04 06:04:05.169970,34.26,68.74,1004.12,151,74,50,80,3.47,70
2024-04-04 06:04:08.053431,34.25,68.75,1004.12,152,73,50,80,3.39,80
2024-04-04 06:04:11.101007,34.23,68.81,1004.13,152,73,50,80,2.43,70
2024-04-04 06:04:23.413387,34.22,68.83,1004.12,152,73,50,80,1.85,58
2024-04-04 06:04:24.035639,34.22,68.85,1004.12,150,72,50,80,1.42,41
2024-04-04 06:04:24.035639,34.22,68.86,1004.12,152,72,50,80,2.17,55
2024-04-04 06:04:24.051237,34.2,68.88,1004.12,150,72,49,80,2.49,60
2024-04-04 06:04:26.502189,34.19,68.95,1004.11,150,71,49,79,2.24,44
2024-04-04 06:04:29.696889,34.19,68.95,1004.11,148,71,49,79,2.4,49
2024-04-04 06:04:33.011594,34.19,68.95,1004.12,148,71,49,79,2.21,37
2024-04-04 06:04:35.863341,34.18,68.96,1004.12,150,72,50,79,2.24,37
2024-04-04 06:04:39.093721,34.17,68.98,1004.13,149,72,49,79,2.05,46
2024-04-04 06:04:42.277481,34.17,69.02,1004.14,147,71,48,78,1.5,37
2024-04-04 06:04:45.292045,34.17,69.01,1004.15,149,72,49,78,1.44,35
2024-04-04 06:04:48.291887,34.17,69.02,1004.16,146,71,48,77,1.79,37
2024-04-04 06:04:51.270619,34.17,69.02,1004.15,146,71,48,77,2.07,40
2024-04-04 06:04:56.831640,34.16,69.04,1004.15,148,72,49,78,1.83,54
2024-04-04 06:04:57.667432,34.16,69.04,1004.15,147,72,49,78,1.79,47
2024-04-04 06:05:00.821949,34.16,69.04,1004.15,147,72,49,78,2.13,48
2024-04-04 06:05:03.850472,34.16,69.03,1004.13,146,72,49,78,2.46,64
2024-04-04 06:05:06.929147,34.14,69.05,1004.13,147,72,50,78,2.53,59
2024-04-04 06:05:09.857593,34.13,69.11,1004.12,148,71,49,77,2.72,61
2024-04-04 06:05:13.126898,34.13,69.13,1004.12,149,71,49,78,2.22,53
2024-04-04 06:05:16.499892,34.13,69.14,1004.13,147,71,49,78,2.1,47
2024-04-04 06:05:19.390707,34.13,69.12,1004.13,146,71,50,78,2.79,47
2024-04-04 06:05:22.718883,34.13,69.11,1004.13,147,72,51,79,2.87,48
2024-04-04 06:05:25.391922,34.12,69.13,1004.14,148,73,51,79,3.06,47
2024-04-04 06:05:28.683790,34.11,69.17,1004.15,148,72,50,77,2.53,51
2024-04-04 06:05:31.504357,34.11,69.22,1004.17,148,72,50,77,1.45,41
2024-04-04 06:05:34.647789,34.11,69.21,1004.17,146,72,51,77,0.7,0
2024-04-04 06:05:37.782791,34.11,69.22,1004.16,147,72,51,77,0,0
2024-04-04 06:05:40.860770,34.11,69.22,1004.18,146,72,51,77,0,0
2024-04-04 06:05:49.930928,34.09,69.25,1004.2,147,72,51,77,0,0
2024-04-04 06:05:55.813279,34.07,69.32,1004.19,147,71,50,76,1.51,72
2024-04-04 06:05:56.126207,34.06,69.36,1004.19,148,71,49,75,1.84,55
2024-04-04 06:05:56.447168,34.06,69.39,1004.18,148,70,49,75,1.35,63
2024-04-04 06:05:56.473750,34.06,69.43,1004.16,147,71,50,75,2.13,58
2024-04-04 06:05:59.567782,34.05,69.42,1004.17,148,71,50,75,2.7,58
2024-04-04 06:06:02.680364,34.04,69.46,1004.16,148,70,48,74,2.92,57
2024-04-04 06:06:05.777214,34.02,69.51,1004.17,149,70,48,73,2.78,53
2024-04-04 06:06:08.576831,34.01,69.56,1004.17,149,70,48,73,2.23,51
2024-04-04 06:06:12.247890,34.01,69.61,1004.19,148,70,48,73,1.77,70
2024-04-04 06:06:14.751037,34,69.61,1004.18,148,70,48,73,1.82,71
2024-04-04 06:06:18.003915,33.99,69.65,1004.17,148,70,48,73,1.82,68
2024-04-04 06:06:21.478173,33.97,69.69,1004.17,148,70,48,73,1.54,42
2024-04-04 06:06:33.186948,33.97,69.71,1004.17,147,70,47,73,1.71,35
2024-04-04 06:06:33.785568,33.97,69.71,1004.18,148,70,47,74,1.61,32
2024-04-04 06:06:34.098138,33.97,69.73,1004.18,148,71,48,75,1.61,23
2024-04-04 06:06:34.121287,33.97,69.73,1004.18,147,70,47,74,1.28,20
2024-04-04 06:07:03.092346,33.97,69.75,1004.2,147,71,48,75,0.99,37
2024-04-04 06:07:04.180176,33.97,69.78,1004.21,146,70,47,75,1.1,45
2024-04-04 06:07:04.492786,33.97,69.78,1004.2,144,71,47,76,1.21,53
2024-04-04 06:07:04.516680,33.97,69.78,1004.21,143,71,47,76,1.63,42
2024-04-04 06:07:04.521629,33.97,69.77,1004.22,142,71,47,76,2.09,44
2024-04-04 06:07:04.525977,33.97,69.78,1004.22,144,71,47,76,2.1,48
2024-04-04 06:07:04.528940,33.97,69.75,1004.22,145,72,49,78,1.55,60
2024-04-04 06:07:07.182318,33.93,70.3,1004.21,133,71,48,78,0.82,22
2024-04-04 06:07:10.506563,33.92,70.11,1004.21,138,71,48,79,0.63,45
2024-04-04 06:07:13.557474,33.93,69.97,1004.2,140,71,48,79,1.64,48
2024-04-04 06:07:16.693695,33.94,69.9,1004.21,141,73,49,80,2.11,39
2024-04-04 06:07:19.936804,33.95,69.85,1004.22,142,73,49,80,2.05,39
2024-04-04 06:07:22.788959,33.95,69.82,1004.22,141,72,48,79,1.48,54
2024-04-04 06:07:25.907531,33.96,69.78,1004.22,142,72,48,79,1.08,72
2024-04-04 06:07:29.012153,33.96,69.79,1004.21,141,72,48,79,0.87,66
2024-04-04 06:07:32.015199,33.96,69.77,1004.21,141,72,48,79,0.77,40
2024-04-04 06:07:34.963125,33.97,69.75,1004.2,141,73,48,79,0.93,63
2024-04-04 06:07:55.675871,33.97,69.74,1004.2,142,73,48,79,1.54,72
2024-04-04 06:07:56.503640,33.97,69.73,1004.2,142,73,48,78,2.13,71
2024-04-04 06:07:56.822758,33.97,69.72,1004.19,143,73,48,78,1.93,67
2024-04-04 06:07:56.825727,33.97,69.74,1004.2,142,73,48,78,1.6,67
2024-04-04 06:07:56.831747,33.98,69.72,1004.19,143,73,48,78,1.53,63
2024-04-04 06:07:56.835728,33.98,69.71,1004.19,143,73,48,78,1.75,69
2024-04-04 06:07:57.294242,33.98,69.71,1004.19,143,73,48,78,1.74,74
2024-04-04 06:08:00.209849,33.98,69.71,1004.2,144,73,48,78,1.94,58
2024-04-04 06:08:02.997135,33.98,69.7,1004.21,144,74,49,79,2.06,51
2024-04-04 06:08:06.082003,33.98,69.69,1004.21,144,73,48,78,2.21,44
2024-04-04 06:08:09.089497,33.98,69.71,1004.2,144,73,48,78,1.92,41
2024-04-04 06:08:12.097401,33.98,69.71,1004.21,144,73,48,78,1.8,43
2024-04-04 06:08:15.775677,33.98,69.72,1004.22,143,74,49,79,1.77,47
2024-04-04 06:08:18.523466,33.98,69.71,1004.22,143,73,49,78,1.68,48
2024-04-04 06:08:21.498021,33.99,69.73,1004.22,143,73,49,78,1.45,51
2024-04-04 06:08:30.541197,33.99,69.72,1004.21,143,73,49,78,1.65,48
2024-04-04 06:08:31.049110,33.99,69.72,1004.21,143,73,49,78,1.46,65
2024-04-04 06:08:31.362324,33.99,69.7,1004.21,143,75,50,80,1.14,60
2024-04-04 06:08:33.875935,33.99,69.7,1004.21,143,75,50,80,0.96,30
2024-04-04 06:08:36.929245,33.99,69.7,1004.22,143,75,50,80,1.02,38
2024-04-04 06:08:40.247083,33.99,69.7,1004.23,143,74,49,78,1.22,34
2024-04-04 06:08:43.337622,33.99,69.72,1004.24,143,75,50,79,1.96,55
2024-04-04 06:08:46.209878,33.98,69.73,1004.23,144,74,49,78,2.19,59
2024-04-04 06:08:49.375164,33.98,69.75,1004.22,144,75,49,78,2.48,54
2024-04-04 06:08:52.565664,33.97,69.74,1004.23,144,75,49,77,2.41,57
2024-04-04 06:08:55.385256,33.97,69.77,1004.23,144,75,49,77,2.23,66
2024-04-04 06:08:58.584171,33.97,69.76,1004.23,143,75,49,78,1.91,60
2024-04-04 06:09:01.573522,33.96,69.78,1004.24,143,75,49,78,1.46,58
2024-04-04 06:09:04.783872,33.96,69.81,1004.24,143,75,49,78,0.91,65
2024-04-04 06:09:07.920249,33.96,69.82,1004.24,143,75,49,78,1.56,47
2024-04-04 06:09:11.066723,33.95,69.83,1004.24,143,75,49,78,2.1,43
2024-04-04 06:09:14.533555,33.95,69.84,1004.23,142,75,50,78,2.7,53
2024-04-04 06:09:17.069949,33.95,69.84,1004.22,142,76,51,79,2.62,46
2024-04-04 06:09:20.457448,33.95,69.86,1004.23,142,75,50,78,2.45,43
2024-04-04 06:09:23.427153,33.95,69.88,1004.23,142,75,50,79,2.35,46
2024-04-04 06:09:26.379507,33.95,69.87,1004.24,142,74,49,78,2.24,51
2024-04-04 06:09:29.855888,33.94,69.87,1004.25,142,74,49,78,2.21,61
2024-04-04 06:09:33.406269,33.92,69.93,1004.25,142,73,49,78,1.83,68
2024-04-04 06:09:44.350436,33.92,69.97,1004.25,142,73,49,78,1.65,62
2024-04-04 06:09:45.498809,33.92,69.97,1004.25,141,72,48,77,1.29,49
2024-04-04 06:09:45.815808,33.92,69.97,1004.25,141,72,48,77,1.57,48
2024-04-04 06:09:45.816875,33.91,69.95,1004.25,142,71,48,76,2.31,62
2024-04-04 06:09:48.272966,33.9,69.97,1004.23,142,71,48,76,2.49,61
2024-04-04 06:09:51.390376,33.9,70.02,1004.24,142,71,48,76,2.6,63
2024-04-04 06:10:01.999526,33.9,69.99,1004.23,142,70,48,76,2.29,63
2024-04-04 06:10:02.768016,33.9,69.99,1004.26,141,70,48,75,2.09,49
2024-04-04 06:10:03.081732,33.89,70.01,1004.24,141,70,47,74,1.57,65
2024-04-04 06:10:03.570363,33.87,70.01,1004.25,142,70,47,74,1.03,53
2024-04-04 06:10:06.712482,33.85,70.06,1004.24,142,69,46,74,1.25,36
2024-04-04 06:10:10.014967,33.85,70.08,1004.24,142,69,46,74,1.95,33
2024-04-04 06:10:21.993988,33.84,70.1,1004.24,143,69,46,74,2.15,48
2024-04-04 06:10:22.839311,33.84,70.12,1004.24,143,69,46,74,1.89,64
2024-04-04 06:10:23.143761,33.84,70.11,1004.21,142,68,45,73,1.73,73
2024-04-04 06:10:23.163337,33.84,70.1,1004.2,141,68,45,73,1.55,90
2024-04-04 06:10:25.294557,33.84,70.09,1004.2,142,68,45,73,1.46,67
2024-04-04 06:10:28.360445,33.83,70.08,1004.21,142,69,45,74,2.27,41
2024-04-04 06:10:31.346914,33.83,70.09,1004.22,142,69,45,74,2.39,49
2024-04-04 06:10:34.538383,33.81,70.14,1004.22,143,69,45,74,2.32,59
2024-04-04 06:10:37.685203,33.8,70.18,1004.22,142,69,45,74,2.16,46
2024-04-04 06:10:40.719730,33.8,70.22,1004.24,142,70,45,74,1.78,19
2024-04-04 06:10:43.948976,33.8,70.21,1004.25,142,70,45,74,1.46,0
2024-04-04 06:10:47.058810,33.8,70.26,1004.23,141,70,45,74,1.15,39
2024-04-04 06:10:49.903891,33.79,70.23,1004.23,142,70,45,74,1.62,51
2024-04-04 06:10:53.215615,33.78,70.25,1004.23,142,70,45,74,2.29,61
2024-04-04 06:10:56.277527,33.77,70.28,1004.22,142,70,45,74,2.44,63
2024-04-04 06:10:59.174811,33.77,70.28,1004.23,142,70,45,73,2.41,66
2024-04-04 06:11:02.328508,33.77,70.29,1004.21,141,70,45,73,2.09,72
2024-04-04 06:11:05.293318,33.77,70.27,1004.2,141,70,45,73,2.35,62
2024-04-04 06:11:08.428617,33.77,70.26,1004.18,141,70,46,73,2.61,62
2024-04-04 06:11:11.672729,33.76,70.27,1004.2,142,70,46,73,2.3,41
2024-04-04 06:11:14.610498,33.76,70.3,1004.22,141,70,47,72,1.74,22
2024-04-04 06:11:17.674746,33.75,70.32,1004.24,140,70,47,72,2.21,42
2024-04-04 06:11:20.894486,33.74,70.38,1004.24,140,70,47,72,2.58,50
2024-04-04 06:11:23.980802,33.74,70.42,1004.24,139,70,47,72,2.72,51
2024-04-04 06:11:27.069569,33.74,70.43,1004.24,140,70,48,73,2.83,55
2024-04-04 06:11:30.168766,33.73,70.44,1004.24,141,70,48,73,2.69,61
2024-04-04 06:11:33.269852,33.72,70.48,1004.24,140,70,48,73,2.27,53
2024-04-04 06:11:36.325619,33.72,70.49,1004.25,140,70,48,73,1.76,49
2024-04-04 06:11:39.377812,33.72,70.5,1004.25,140,70,48,73,2.02,51
2024-04-04 06:11:42.689488,33.71,70.52,1004.23,140,70,48,73,1.9,67
2024-04-04 06:11:45.739338,33.71,70.54,1004.21,139,70,48,73,1.06,90
2024-04-04 06:11:48.955779,33.7,70.55,1004.23,139,70,48,73,0.77,90
2024-04-04 06:11:51.808390,33.7,70.56,1004.25,138,70,48,73,0.56,90
2024-04-04 06:11:55.096604,33.7,70.58,1004.24,139,70,48,73,1.28,47
2024-04-04 06:11:58.209878,33.7,70.56,1004.25,138,70,48,73,1.9,62
2024-04-04 06:12:01.214828,33.7,70.61,1004.24,137,70,48,73,2.08,65
2024-04-04 06:12:04.223695,33.69,70.61,1004.25,137,70,48,73,1.62,56
2024-04-04 06:12:07.289318,33.67,70.63,1004.26,138,71,49,74,1.97,48
2024-04-04 06:12:10.623636,33.66,70.67,1004.26,138,71,49,74,1.93,44
2024-04-04 06:12:13.447347,33.65,70.7,1004.27,139,71,49,74,1.91,58
2024-04-04 06:12:16.666617,33.66,70.68,1004.26,139,71,49,73,1.77,59
2024-04-04 06:12:19.928689,33.65,70.66,1004.26,139,71,49,73,1.98,69
2024-04-04 06:12:22.789365,33.64,70.66,1004.25,139,71,49,73,2.06,79
2024-04-04 06:12:25.825667,33.64,70.69,1004.25,139,71,49,73,1.67,78
2024-04-04 06:12:34.707593,33.64,70.71,1004.24,139,71,50,73,2.35,67
2024-04-04 06:12:43.091267,33.64,70.68,1004.2,139,71,50,74,2.75,55
2024-04-04 06:12:43.972303,33.59,71.78,1004.2,122,71,50,74,1.66,30
2024-04-04 06:12:46.655673,33.58,71.41,1004.22,128,71,50,74,1.41,43
2024-04-04 06:12:49.974336,33.59,71.16,1004.23,131,71,50,75,1.21,14
2024-04-04 06:12:52.888652,33.6,71,1004.24,133,71,50,75,1.08,0
2024-04-04 06:12:56.090857,33.6,70.91,1004.26,135,71,49,75,1.01,0
2024-04-04 06:12:59.555786,33.61,70.89,1004.27,134,71,49,75,1.03,22
2024-04-04 06:13:02.413671,33.61,70.89,1004.27,134,71,49,75,1.04,36
2024-04-04 06:13:05.397399,33.61,70.87,1004.28,135,71,49,75,0.93,52
2024-04-04 06:13:08.335521,33.61,70.87,1004.27,135,70,49,75,0.98,48
2024-04-04 06:13:11.577706,33.62,70.87,1004.25,134,70,49,74,0.89,63
2024-04-04 06:13:14.757484,33.62,70.84,1004.26,135,70,49,74,0.96,90
2024-04-04 06:13:17.613262,33.62,70.84,1004.25,135,70,50,73,1.05,90
2024-04-04 06:13:20.689501,33.63,70.83,1004.24,135,70,50,73,1.29,90
2024-04-04 06:13:24.016716,33.63,70.8,1004.24,136,70,50,73,1.32,90
2024-04-04 06:13:26.982832,33.63,70.81,1004.25,136,70,50,73,1.16,90
2024-04-04 06:13:29.973269,33.63,70.81,1004.24,136,70,50,74,1.09,90
2024-04-04 06:13:33.062403,33.63,70.81,1004.24,136,70,50,74,1.17,90
2024-04-04 06:13:36.395582,33.63,70.8,1004.25,136,71,52,75,1.04,90
2024-04-04 06:13:39.564983,33.63,70.79,1004.24,136,71,52,75,1.64,64
2024-04-04 06:13:42.420694,33.64,70.77,1004.25,136,70,51,75,2.17,52
2024-04-04 06:13:45.587525,33.64,70.77,1004.25,136,70,51,75,2.65,45
2024-04-04 06:13:48.499422,33.64,70.76,1004.25,136,70,51,75,2.3,40
2024-04-04 06:13:51.877859,33.64,70.75,1004.24,136,70,51,75,1.86,54
2024-04-04 06:13:54.980122,33.64,70.72,1004.24,136,70,51,75,1.27,60
2024-04-04 06:13:57.930811,33.64,70.72,1004.25,136,70,51,75,0.95,63
2024-04-04 06:14:01.112215,33.65,70.68,1004.26,136,70,51,75,1.09,58
2024-04-04 06:14:04.157147,33.65,70.68,1004.26,136,70,51,75,0.75,45
2024-04-04 06:14:07.215545,33.65,70.68,1004.26,135,70,51,75,1.19,28
2024-04-04 06:14:11.746894,33.65,70.68,1004.26,135,71,51,75,1.21,26
2024-04-04 06:14:13.407207,33.66,70.68,1004.26,135,71,51,75,1.12,42
2024-04-04 06:14:16.453393,33.66,70.68,1004.25,135,71,51,76,1.29,90
2024-04-04 06:14:19.519211,33.66,70.66,1004.27,135,71,51,76,0.62,48
2024-04-04 06:14:22.924798,33.65,70.68,1004.27,135,71,51,76,0.72,31
2024-04-04 06:14:25.652726,33.65,70.71,1004.28,135,71,51,76,0.67,27
2024-04-04 06:14:28.773628,33.65,70.73,1004.28,135,71,51,76,1.1,25
2024-04-04 06:14:31.983348,33.65,70.77,1004.27,134,70,50,76,1.59,28
2024-04-04 06:14:40.726314,33.65,70.75,1004.27,134,70,50,76,2.13,45
2024-04-04 06:14:41.681177,33.65,70.76,1004.27,133,70,49,75,2.54,58
2024-04-04 06:14:41.995277,33.65,70.77,1004.27,134,70,49,75,2.87,59
2024-04-04 06:14:44.364156,33.64,70.8,1004.28,135,70,49,74,2.61,70
2024-04-04 06:14:54.807969,33.63,70.82,1004.28,137,70,49,74,2.1,90
2024-04-04 06:14:55.893316,33.62,70.86,1004.27,136,70,48,74,1.91,90
2024-04-04 06:14:56.221742,33.62,70.87,1004.26,136,70,48,73,1.06,90
2024-04-04 06:14:56.713595,33.61,70.86,1004.29,136,70,48,73,0.68,42
2024-04-04 06:14:59.998961,33.6,70.88,1004.29,135,70,48,74,0.83,29
2024-04-04 06:15:02.965931,33.6,70.91,1004.3,134,70,48,74,1.27,61
2024-04-04 06:15:06.094314,33.59,70.92,1004.29,135,70,48,74,1.98,62
2024-04-04 06:15:09.254679,33.59,70.93,1004.28,135,70,48,74,2.01,47
2024-04-04 06:15:12.341371,33.59,70.95,1004.28,135,70,48,75,1.66,32
2024-04-04 06:15:15.244277,33.59,70.94,1004.28,135,70,48,75,2.06,44
2024-04-04 06:15:18.825892,33.59,70.95,1004.27,135,70,48,75,2.27,53
2024-04-04 06:15:21.516652,33.59,70.94,1004.29,134,70,48,75,2.19,57
2024-04-04 06:15:24.540086,33.59,70.94,1004.28,134,71,48,76,1.92,58
2024-04-04 06:15:27.722901,33.59,70.94,1004.28,134,71,48,76,1.96,42
2024-04-04 06:15:30.793264,33.59,70.92,1004.3,134,71,48,76,2.3,51
2024-04-04 06:15:34.112715,33.58,70.93,1004.31,133,72,48,76,2.23,62
2024-04-04 06:15:37.599872,33.58,70.94,1004.31,132,72,48,76,1.9,60
2024-04-04 06:15:39.885192,33.58,70.98,1004.31,129,73,49,76,1.62,64
2024-04-04 06:15:43.305045,33.58,70.97,1004.32,128,73,49,76,1.37,57
2024-04-04 06:15:46.154518,33.57,70.98,1004.31,131,74,50,77,1.51,53
2024-04-04 06:15:49.347926,33.56,70.99,1004.32,133,74,50,77,1.62,54
2024-04-04 06:15:52.386823,33.56,70.98,1004.31,132,74,50,77,2.07,49
2024-04-04 06:15:55.673339,33.56,70.99,1004.3,132,74,50,77,2.67,54
2024-04-04 06:15:58.604052,33.56,70.98,1004.29,134,74,51,77,2.97,56
2024-04-04 06:16:01.819060,33.56,70.96,1004.27,135,76,52,78,2.84,55
2024-04-04 06:16:04.680366,33.56,70.96,1004.29,135,76,52,78,2.33,60
2024-04-04 06:16:08.061780,33.56,70.94,1004.3,135,75,51,78,1.71,56
2024-04-04 06:16:10.995192,33.56,70.92,1004.29,135,75,51,78,1.5,54
2024-04-04 06:16:14.373123,33.56,70.93,1004.3,134,76,52,79,1.66,60
2024-04-04 06:16:17.298539,33.56,70.93,1004.31,134,76,52,79,1.9,62
2024-04-04 06:16:20.102405,33.57,70.91,1004.31,134,76,52,80,1.81,64
2024-04-04 06:16:23.699214,33.57,70.89,1004.32,133,76,52,80,2.01,56
2024-04-04 06:16:26.428503,33.56,70.91,1004.32,134,77,52,81,2.52,65
2024-04-04 06:16:29.518310,33.54,70.94,1004.33,136,76,51,81,3.17,52
2024-04-04 06:16:32.637774,33.53,71.02,1004.31,136,74,50,81,2.93,51
2024-04-04 06:16:36.285218,33.53,71.04,1004.3,136,72,48,79,2.66,44
2024-04-04 06:16:38.845269,33.53,71.05,1004.33,136,71,48,77,2.82,40
2024-04-04 06:16:41.983929,33.52,71.05,1004.33,136,71,48,77,2.01,50
2024-04-04 06:16:45.468743,33.5,71.11,1004.34,135,71,48,76,1.76,48
2024-04-04 06:16:47.906837,33.5,71.16,1004.34,136,71,48,76,1.57,54
2024-04-04 06:16:51.067308,33.49,71.18,1004.33,135,71,48,76,1.79,48
2024-04-04 06:16:54.216852,33.5,71.17,1004.33,135,71,48,76,1.95,53
2024-04-04 06:16:57.346226,33.5,71.17,1004.31,135,70,48,75,1.53,60
2024-04-04 06:17:00.634001,33.5,71.16,1004.29,135,69,47,74,0.5,90
2024-04-04 06:17:03.685648,33.5,71.15,1004.28,134,70,48,75,0,0
2024-04-04 06:17:06.628049,33.5,71.15,1004.3,134,70,48,75,0,0
2024-04-04 06:17:09.725961,33.5,71.13,1004.3,134,70,48,75,0.83,40
2024-04-04 06:17:12.894532,33.5,71.13,1004.29,134,70,48,76,0.99,64
2024-04-04 06:17:16.098190,33.5,71.15,1004.29,134,70,48,76,1.51,79
2024-04-04 06:17:18.835250,33.5,71.13,1004.29,133,70,48,76,1.38,73
2024-04-04 06:17:29.267931,33.5,71.1,1004.29,133,69,47,75,0.84,45
2024-04-04 06:17:30.232402,33.5,71.08,1004.3,133,70,48,76,0.64,26
2024-04-04 06:17:30.547090,33.5,71.06,1004.3,133,69,47,76,0.63,37
2024-04-04 06:17:31.280582,33.5,71.07,1004.29,132,69,47,76,1,52
2024-04-04 06:17:34.438852,33.51,71.07,1004.29,133,70,48,77,0.96,60
2024-04-04 06:17:37.502740,33.51,71.07,1004.3,132,69,47,76,1.33,42
2024-04-04 06:17:40.774153,33.51,71.09,1004.3,133,69,47,76,1.51,45
2024-04-04 06:17:43.933023,33.51,71.1,1004.3,132,69,47,76,1.26,40
2024-04-04 06:17:46.788249,33.51,71.09,1004.31,132,70,48,77,1.04,31
2024-04-04 06:17:50.037696,33.51,71.09,1004.31,132,70,48,77,1.19,31
2024-04-04 06:17:53.131277,33.51,71.1,1004.32,132,70,48,76,1.31,37
2024-04-04 06:17:56.104790,33.51,71.1,1004.32,131,70,48,76,1.27,44
2024-04-04 06:17:59.128080,33.51,71.11,1004.32,130,69,47,74,0.98,51
2024-04-04 06:18:02.344309,33.52,71.1,1004.31,130,70,47,75,0.91,61
2024-04-04 06:18:05.431347,33.51,71.09,1004.29,130,69,46,74,2,79
2024-04-04 06:18:08.317554,33.51,71.07,1004.28,131,70,47,75,2.48,65
2024-04-04 06:18:11.494595,33.51,71.09,1004.28,132,70,47,75,2.37,53
2024-04-04 06:18:14.875860,33.51,71.1,1004.29,132,70,46,75,2.01,42
2024-04-04 06:18:17.752232,33.5,71.12,1004.32,133,69,45,74,1.62,26
2024-04-04 06:18:20.813631,33.49,71.17,1004.33,133,69,46,75,1.55,19
2024-04-04 06:18:23.966501,33.48,71.21,1004.34,131,68,45,73,1.83,39
2024-04-04 06:18:27.234319,33.48,71.26,1004.34,132,69,46,75,1.75,40
2024-04-04 06:18:30.107386,33.47,71.29,1004.34,132,70,46,75,0.97,23
2024-04-04 06:18:33.048609,33.47,71.31,1004.35,131,69,45,74,0.75,0
2024-04-04 06:18:36.263101,33.47,71.29,1004.34,131,70,46,75,0.62,0
2024-04-04 06:19:00.317058,33.48,71.29,1004.34,129,70,46,75,0,0
2024-04-04 06:19:00.869421,33.48,71.3,1004.34,128,70,46,75,0.72,90
2024-04-04 06:19:01.187439,33.48,71.26,1004.34,129,69,45,74,1.18,90
2024-04-04 06:19:01.216994,33.47,71.26,1004.34,130,71,46,75,1.49,71
2024-04-04 06:19:01.234066,33.47,71.26,1004.34,130,71,46,75,1.25,49
2024-04-04 06:19:01.248548,33.47,71.25,1004.33,131,70,46,74,1.34,56
2024-04-04 06:19:01.284759,33.47,71.25,1004.33,130,71,47,76,1.4,77
2024-04-04 06:19:02.088853,33.48,71.24,1004.33,130,71,47,76,1.08,90
2024-04-04 06:19:04.039864,33.48,71.23,1004.32,130,71,47,76,1.26,90
2024-04-04 06:19:07.333395,33.48,71.22,1004.33,131,70,46,75,0.66,90
2024-04-04 06:19:10.330027,33.47,71.22,1004.34,131,71,47,75,0.53,34
2024-04-04 06:19:13.274366,33.47,71.23,1004.35,131,72,48,76,1.15,38
2024-04-04 06:19:16.733185,33.47,71.23,1004.34,130,72,48,76,2.06,47
2024-04-04 06:19:19.572209,33.47,71.22,1004.33,130,71,47,75,2.2,52
2024-04-04 06:19:22.783661,33.48,71.22,1004.33,129,71,47,75,2.16,49
2024-04-04 06:19:31.757169,33.48,71.22,1004.31,129,72,48,76,1.78,56
2024-04-04 06:19:32.084988,33.48,71.21,1004.32,130,72,48,76,1.31,56
2024-04-04 06:19:32.407236,33.48,71.21,1004.32,130,72,48,76,1.25,38
2024-04-04 06:19:35.133035,33.48,71.21,1004.33,131,71,47,75,0.96,23
2024-04-04 06:19:38.114637,33.48,71.21,1004.33,131,72,48,76,0.63,0
2024-04-04 06:19:41.413729,33.48,71.22,1004.33,130,71,48,75,0.66,0
2024-04-04 06:19:44.353514,33.48,71.21,1004.33,129,71,48,75,1.04,32
2024-04-04 06:19:47.933109,33.48,71.21,1004.34,130,72,49,76,1.32,38
2024-04-04 06:19:50.415155,33.49,71.2,1004.35,129,72,49,76,1.69,46
2024-04-04 06:19:53.594544,33.49,71.2,1004.35,129,71,47,76,1.52,50
2024-04-04 06:19:56.855705,33.49,71.2,1004.36,129,72,48,77,1.65,56
2024-04-04 06:19:59.815106,33.49,71.19,1004.35,128,71,47,76,2.15,49
2024-04-04 06:20:02.999101,33.49,71.2,1004.38,128,72,47,77,2.19,47
2024-04-04 06:20:06.295393,33.49,71.2,1004.36,128,71,46,76,1.37,65
2024-04-04 06:20:09.088834,33.49,71.2,1004.35,128,72,47,76,1.51,64
2024-04-04 06:20:12.353010,33.49,71.2,1004.34,129,71,46,75,2.68,55
2024-04-04 06:20:15.257130,33.49,71.18,1004.34,130,72,47,76,2.84,53
2024-04-04 06:20:18.230110,33.49,71.19,1004.33,130,72,47,76,2.63,54
2024-04-04 06:20:21.917925,33.49,71.17,1004.34,131,71,47,75,2.26,52
2024-04-04 06:20:24.677902,33.48,71.18,1004.34,131,70,46,74,2.52,53
2024-04-04 06:20:27.968673,33.48,71.19,1004.34,131,71,47,75,2.74,42
2024-04-04 06:20:30.801580,33.48,71.21,1004.33,131,70,46,74,2.15,46
2024-04-04 06:20:33.808401,33.48,71.19,1004.34,131,70,46,74,1.66,37
2024-04-04 06:20:36.975105,33.48,71.19,1004.35,131,70,46,74,2.31,52
2024-04-04 06:20:40.037837,33.48,71.2,1004.35,131,70,46,74,2.75,54
2024-04-04 06:20:43.332607,33.47,71.23,1004.35,131,70,46,73,2.68,47
2024-04-04 06:20:46.286410,33.46,71.29,1004.34,131,70,46,73,2.66,47
2024-04-04 06:20:49.265802,33.46,71.32,1004.35,131,69,46,73,2.89,48
2024-04-04 06:20:52.379475,33.46,71.3,1004.35,131,69,46,73,2.98,48
2024-04-04 06:20:55.389097,33.46,71.29,1004.34,131,69,46,73,2.31,47
2024-04-04 06:20:58.449516,33.46,71.29,1004.35,131,69,46,73,1.85,56
2024-04-04 06:21:02.087787,33.46,71.31,1004.36,130,69,46,73,2.05,45
2024-04-04 06:21:04.946566,33.46,71.28,1004.37,131,70,46,73,2.31,52
2024-04-04 06:21:08.211110,33.45,71.31,1004.36,131,70,46,73,2.09,61
2024-04-04 06:21:11.273406,33.45,71.3,1004.36,131,70,45,73,1.63,72
2024-04-04 06:21:14.093202,33.45,71.29,1004.36,132,70,45,73,1.87,63
2024-04-04 06:21:17.376522,33.44,71.28,1004.37,132,69,45,72,2.02,59
2024-04-04 06:21:20.328346,33.44,71.3,1004.37,132,69,45,72,1.68,68
2024-04-04 06:21:23.294992,33.44,71.28,1004.37,131,69,45,72,1.39,90
2024-04-04 06:21:26.472378,33.44,71.3,1004.37,131,69,45,72,1.31,90
2024-04-04 06:21:29.370521,33.44,71.3,1004.36,129,69,45,72,1.06,90
2024-04-04 06:21:32.710591,33.44,71.29,1004.36,129,69,45,72,1.25,90
2024-04-04 06:21:35.630950,33.44,71.28,1004.33,130,69,45,71,1.87,79
2024-04-04 06:21:38.608850,33.44,71.28,1004.31,130,69,45,71,2.76,73
2024-04-04 06:21:41.814120,33.43,71.26,1004.31,131,69,45,71,3.12,65
2024-04-04 06:21:45.083371,33.42,71.32,1004.31,131,69,45,71,2.83,57
2024-04-04 06:21:47.911816,33.42,71.36,1004.3,132,68,45,71,2.4,60
2024-04-04 06:21:51.334060,33.41,71.38,1004.3,132,68,45,71,2.02,42
2024-04-04 06:21:54.213846,33.41,71.43,1004.32,132,68,45,71,2.04,39
2024-04-04 06:21:57.281949,33.4,71.47,1004.33,131,68,45,70,2.21,18
2024-04-04 06:22:00.310690,33.4,71.54,1004.34,129,68,45,70,2.07,20
2024-04-04 06:22:03.497674,33.4,71.55,1004.33,127,67,45,70,1.49,0
2024-04-04 06:22:06.574305,33.4,71.55,1004.35,125,67,45,70,0.71,0
2024-04-04 06:22:16.822278,33.4,71.55,1004.35,124,67,45,70,0,0
2024-04-04 06:22:17.347610,33.4,71.52,1004.34,121,67,45,70,0,0
2024-04-04 06:22:17.671869,33.4,71.54,1004.34,122,67,45,70,2.16,59
2024-04-04 06:22:18.950891,33.41,71.54,1004.35,122,67,45,70,1.9,54
2024-04-04 06:22:22.052714,33.41,71.52,1004.34,122,67,45,70,1.15,44
2024-04-04 06:22:25.140745,33.41,71.51,1004.36,122,68,45,70,0.7,55
2024-04-04 06:22:28.291868,33.41,71.52,1004.37,122,68,45,70,0.8,90
2024-04-04 06:22:31.343215,33.41,71.48,1004.37,123,68,45,70,1.02,52
2024-04-04 06:22:34.571235,33.41,71.46,1004.36,125,68,45,70,1.61,49
2024-04-04 06:22:37.752167,33.4,71.46,1004.36,127,68,45,71,2.4,54
2024-04-04 06:22:40.583595,33.39,71.45,1004.37,129,68,45,71,2.44,56
2024-04-04 06:22:43.783250,33.38,71.48,1004.37,129,69,46,72,2.43,54
2024-04-04 06:22:46.989231,33.38,71.51,1004.38,129,69,46,72,2.19,69
2024-04-04 06:22:49.990366,33.38,71.52,1004.38,127,69,46,72,1.07,62
2024-04-04 06:22:52.867901,33.38,71.53,1004.38,125,68,45,71,0,0
2024-04-04 06:22:56.164058,33.38,71.53,1004.38,124,67,45,71,0,0
2024-04-04 06:22:59.120657,33.38,71.52,1004.37,125,68,46,72,0,0
2024-04-04 06:23:02.174153,33.39,71.51,1004.36,125,68,45,71,0,0
2024-04-04 06:23:08.620683,33.39,71.53,1004.36,124,68,46,72,0.78,90
2024-04-04 06:23:09.267374,33.39,71.51,1004.35,126,69,46,72,1.04,90
2024-04-04 06:23:11.545184,33.39,71.49,1004.37,126,68,45,71,0.93,90
2024-04-04 06:23:14.762308,33.39,71.46,1004.37,125,67,45,71,0.92,90
2024-04-04 06:23:17.631998,33.39,71.48,1004.38,125,68,46,72,1.1,52
2024-04-04 06:23:20.872013,33.39,71.48,1004.39,125,67,45,70,1.68,43
2024-04-04 06:23:24.066075,33.39,71.47,1004.4,126,67,45,70,2.18,48
2024-04-04 06:23:27.003891,33.39,71.47,1004.38,125,66,45,70,2.1,56
2024-04-04 06:23:30.155572,33.39,71.44,1004.38,126,65,45,69,1.78,64
2024-04-04 06:23:33.048829,33.39,71.46,1004.39,125,65,45,69,1.12,73
2024-04-04 06:23:36.170627,33.4,71.48,1004.38,125,66,46,70,0.76,90
2024-04-04 06:23:39.515036,33.4,71.47,1004.37,126,65,45,69,0,0
2024-04-04 06:23:42.629521,33.39,71.47,1004.36,126,66,46,70,0,0
2024-04-04 06:23:45.606050,33.4,71.45,1004.37,126,65,45,69,0,0
2024-04-04 06:23:48.570847,33.4,71.44,1004.38,126,65,45,69,0,0
2024-04-04 06:23:51.961751,33.4,71.43,1004.37,126,65,45,69,0,0
2024-04-04 06:23:54.978142,33.4,71.42,1004.37,126,66,46,70,0,0
2024-04-04 06:23:57.802645,33.4,71.4,1004.38,126,66,46,70,0,0
2024-04-04 06:24:01.096251,33.4,71.38,1004.38,126,66,46,70,0,0
2024-04-04 06:24:04.339541,33.41,71.36,1004.38,126,67,47,71,0.84,90
2024-04-04 06:24:07.434696,33.41,71.36,1004.39,125,67,46,70,1.4,90
2024-04-04 06:24:10.273568,33.41,71.36,1004.39,125,67,47,70,1.34,90
2024-04-04 06:24:13.473411,33.41,71.36,1004.4,125,68,47,71,0.95,90
2024-04-04 06:24:24.405060,33.41,71.34,1004.4,124,68,47,71,0.86,135
2024-04-04 06:24:24.725165,33.42,71.36,1004.38,124,69,47,71,1.04,137
2024-04-04 06:24:24.740690,33.42,71.35,1004.39,123,69,47,72,0.98,137
2024-04-04 06:24:25.792947,33.42,71.32,1004.39,123,70,47,73,0.92,127
2024-04-04 06:24:29.104587,33.42,71.32,1004.39,124,70,47,73,1.12,90
2024-04-04 06:24:31.848856,33.42,71.34,1004.4,125,70,47,73,1.5,90
2024-04-04 06:24:42.062305,33.41,71.29,1004.39,126,70,47,73,2.12,66
2024-04-04 06:24:42.924020,33.41,71.3,1004.39,127,70,47,73,2.78,56
2024-04-04 06:24:43.253459,33.41,71.31,1004.38,127,70,47,72,2.74,50
2024-04-04 06:24:44.594941,33.41,71.29,1004.37,128,70,47,72,2.82,49
2024-04-04 06:24:47.456101,33.41,71.3,1004.38,128,70,47,72,2.62,54
2024-04-04 06:24:50.429010,33.4,71.3,1004.37,128,70,47,71,2.48,64
2024-04-04 06:24:53.635110,33.4,71.29,1004.37,129,70,47,71,2.32,58
2024-04-04 06:24:56.872023,33.39,71.33,1004.37,129,69,47,71,1.9,39
2024-04-04 06:25:00.125048,33.39,71.33,1004.36,128,69,47,71,2.16,38
2024-04-04 06:25:02.990498,33.39,71.36,1004.37,129,69,47,71,2.34,35
2024-04-04 06:25:05.943134,33.39,71.36,1004.37,128,68,47,71,2.37,35
2024-04-04 06:25:09.284100,33.39,71.34,1004.38,128,68,47,71,3.38,47
2024-04-04 06:25:12.340448,33.37,71.36,1004.4,128,68,47,71,3.16,59
2024-04-04 06:25:15.248603,33.37,71.43,1004.38,128,67,47,71,2.4,65
2024-04-04 06:25:18.293173,33.37,71.45,1004.39,128,67,47,71,1.92,73
2024-04-04 06:25:21.619454,33.37,71.43,1004.39,128,68,48,72,2.31,58
2024-04-04 06:25:24.666211,33.36,71.42,1004.37,129,68,48,72,3.13,49
2024-04-04 06:25:27.587665,33.37,71.43,1004.37,129,67,47,72,3.75,48
2024-04-04 06:25:30.873395,33.37,71.41,1004.37,129,68,48,73,3.49,48
2024-04-04 06:25:34.094122,33.36,71.4,1004.39,128,68,47,73,2.29,47
2024-04-04 06:25:36.879756,33.35,71.43,1004.4,128,68,47,73,1.58,50
2024-04-04 06:25:40.316868,33.35,71.45,1004.41,128,69,47,74,1.35,55
2024-04-04 06:25:43.185824,33.35,71.46,1004.4,128,69,46,74,1.05,44
2024-04-04 06:25:46.403555,33.35,71.46,1004.41,127,70,47,75,0.73,36
2024-04-04 06:25:49.226382,33.35,71.46,1004.41,127,70,47,75,0,0
2024-04-04 06:25:52.471189,33.35,71.48,1004.41,126,69,46,74,0,0
2024-04-04 06:26:05.801021,33.35,71.48,1004.41,126,71,47,75,1.68,64
2024-04-04 06:26:15.518982,33.34,71.48,1004.4,127,71,47,75,1.87,72
2024-04-04 06:26:15.837451,33.33,71.5,1004.41,126,71,47,76,1.81,70
2024-04-04 06:26:15.858047,33.32,71.53,1004.41,127,71,47,76,1.76,56
2024-04-04 06:26:16.150651,33.32,71.54,1004.41,127,71,47,76,1.61,52
2024-04-04 06:26:16.150651,33.32,71.55,1004.39,127,70,46,75,1.04,31
2024-04-04 06:26:16.168853,33.32,71.52,1004.39,127,71,47,76,0.8,46
2024-04-04 06:26:17.213235,33.32,71.53,1004.39,127,70,46,75,0,0
2024-04-04 06:26:20.209271,33.32,71.5,1004.4,127,71,47,76,0,0
2024-04-04 06:26:23.270599,33.32,71.52,1004.4,127,70,46,75,0.74,90
2024-04-04 06:26:26.547875,33.32,71.52,1004.39,127,71,47,76,0,0
2024-04-04 06:26:29.615579,33.31,71.52,1004.39,127,71,47,76,0,0
2024-04-04 06:26:32.749937,33.31,71.55,1004.4,126,70,47,75,0,0
2024-04-04 06:26:35.856353,33.31,71.53,1004.39,127,70,47,75,0,0
2024-04-04 06:26:38.969802,33.32,71.53,1004.38,126,70,47,75,0.77,59
2024-04-04 06:26:41.775648,33.32,71.56,1004.38,126,70,47,75,0.99,69
2024-04-04 06:26:44.973510,33.32,71.56,1004.38,126,70,47,75,1.45,74
2024-04-04 06:26:48.039236,33.31,71.56,1004.37,126,70,47,75,1.29,75
2024-04-04 06:26:51.036971,33.31,71.57,1004.37,126,70,47,75,1.13,60
2024-04-04 06:26:54.358313,33.32,71.58,1004.38,125,70,47,75,1.04,59
2024-04-04 06:26:57.393602,33.32,71.56,1004.39,126,70,47,75,0.9,38
2024-04-04 06:27:00.472471,33.32,71.56,1004.4,125,70,47,75,0.83,27
2024-04-04 06:27:03.553659,33.32,71.56,1004.39,125,70,46,75,1.17,46
2024-04-04 06:27:07.839133,33.32,71.56,1004.38,123,70,46,74,0.74,39
2024-04-04 06:27:09.635729,33.32,71.57,1004.39,124,70,46,74,1.11,40
2024-04-04 06:27:13.172884,33.32,71.57,1004.39,123,70,46,74,1.99,47
2024-04-04 06:27:16.040238,33.32,71.57,1004.4,124,69,46,73,2.26,48
2024-04-04 06:27:19.112373,33.32,71.58,1004.4,124,69,46,73,2.59,55
2024-04-04 06:27:21.952462,33.32,71.58,1004.41,125,69,46,72,2.27,63
2024-04-04 06:27:25.562606,33.3,71.56,1004.42,125,70,47,73,1.7,59
2024-04-04 06:27:28.282909,33.3,71.57,1004.42,125,69,46,72,1.97,48
2024-04-04 06:27:31.512397,33.29,71.6,1004.43,125,70,46,72,2.38,50
2024-04-04 06:27:34.823196,33.29,71.59,1004.42,125,71,48,73,2.36,50
2024-04-04 06:27:37.442482,33.29,71.58,1004.42,125,70,47,73,2.5,46
2024-04-04 06:27:40.611473,33.29,71.57,1004.39,125,70,46,73,3.08,50
2024-04-04 06:27:43.672702,33.29,71.55,1004.39,125,71,47,74,3.04,55
2024-04-04 06:27:46.845129,33.29,71.54,1004.39,126,71,47,74,2.41,60
2024-04-04 06:27:50.198667,33.29,71.49,1004.41,126,70,46,74,1.83,65
2024-04-04 06:27:53.032445,33.28,71.49,1004.41,126,70,46,74,1.56,66
2024-04-04 06:27:56.071510,33.28,71.49,1004.41,127,71,47,75,0.97,26
2024-04-04 06:27:59.389972,33.28,71.49,1004.42,126,70,46,74,0.75,30
2024-04-04 06:28:09.851418,33.28,71.48,1004.43,126,70,46,74,0,0
2024-04-04 06:28:10.506156,33.28,71.47,1004.44,126,70,46,74,0,0
2024-04-04 06:28:10.827206,33.28,71.46,1004.43,124,71,46,75,0,0
2024-04-04 06:28:11.725896,33.28,71.47,1004.42,123,71,47,75,0.79,90
2024-04-04 06:28:14.712463,33.28,71.46,1004.42,122,72,48,76,0.77,90
2024-04-04 06:28:17.798376,33.28,71.47,1004.42,122,71,47,75,0.66,90
2024-04-04 06:28:21.080680,33.28,71.47,1004.42,122,72,48,76,0.91,90
2024-04-04 06:28:23.831793,33.28,71.47,1004.42,122,73,49,77,1.04,68
2024-04-04 06:28:27.230907,33.28,71.47,1004.41,121,73,48,76,1.16,44
2024-04-04 06:28:30.292271,33.29,71.46,1004.42,121,74,49,78,1.34,38
2024-04-04 06:28:35.990050,33.29,71.45,1004.43,121,75,49,78,1.79,50
2024-04-04 06:28:36.906595,33.29,71.45,1004.42,121,74,49,77,2.41,50
2024-04-04 06:28:39.502610,33.3,71.45,1004.42,122,74,49,77,2.45,48
2024-04-04 06:28:42.491032,33.29,71.45,1004.42,123,76,50,79,2.47,45
2024-04-04 06:28:45.735943,33.28,71.45,1004.42,124,75,49,78,2.86,50
2024-04-04 06:28:48.871763,33.28,71.45,1004.42,124,76,51,80,2.88,56
2024-04-04 06:28:51.818988,33.28,71.44,1004.42,126,76,51,80,2.31,61
2024-04-04 06:28:54.971340,33.27,71.44,1004.43,126,75,49,78,2.37,51
2024-04-04 06:28:57.895222,33.26,71.46,1004.43,127,74,49,79,2.49,59
2024-04-04 06:29:01.180578,33.24,71.48,1004.42,127,73,49,78,2.74,57
2024-04-04 06:29:04.084825,33.24,71.51,1004.42,127,71,47,76,2.76,54
2024-04-04 06:29:07.356587,33.23,71.53,1004.41,127,71,47,76,2.63,57
2024-04-04 06:29:10.504593,33.22,71.55,1004.41,128,71,47,76,1.96,53
2024-04-04 06:29:13.580798,33.21,71.56,1004.43,128,71,47,76,2,54
2024-04-04 06:29:24.904534,33.21,71.6,1004.44,126,70,46,74,1.69,63
2024-04-04 06:29:25.688059,33.16,72.71,1004.44,113,70,46,74,1.9,59
2024-04-04 06:29:28.393873,33.15,72.34,1004.45,117,70,46,74,1.57,44
2024-04-04 06:29:31.521199,33.15,72.09,1004.44,120,70,46,73,1.24,25
2024-04-04 06:29:34.617224,33.16,71.93,1004.43,121,70,46,73,1.75,33
2024-04-04 06:29:37.870697,33.17,71.83,1004.43,122,70,47,73,2.15,61
2024-04-04 06:29:40.937006,33.17,71.79,1004.43,122,70,47,73,2.33,54
2024-04-04 06:29:44.094286,33.17,71.74,1004.42,123,70,47,74,2.17,60
2024-04-04 06:29:47.056442,33.18,71.74,1004.42,124,70,47,74,1.9,73
2024-04-04 06:29:50.038180,33.18,71.72,1004.42,124,70,47,75,1.15,68
2024-04-04 06:29:53.510059,33.18,71.72,1004.41,124,70,47,75,1.11,71
2024-04-04 06:29:56.626707,33.18,71.7,1004.4,124,70,47,75,0.63,42
2024-04-04 06:29:59.422158,33.18,71.7,1004.39,123,71,47,76,0,0
2024-04-04 06:30:02.586862,33.18,71.69,1004.4,123,71,47,76,0,0
2024-04-04 06:30:05.784214,33.19,71.66,1004.41,124,71,48,77,0,0
2024-04-04 06:30:08.813412,33.19,71.67,1004.41,123,71,48,77,0.56,227
2024-04-04 06:30:12.135817,33.19,71.65,1004.42,123,71,48,77,0,0
2024-04-04 06:30:15.011403,33.2,71.66,1004.42,122,71,48,77,0,0
2024-04-04 06:30:18.057110,33.2,71.63,1004.43,124,72,49,78,0,0
2024-04-04 06:30:21.397326,33.2,71.64,1004.43,124,71,48,78,0,0
2024-04-04 06:30:24.257402,33.2,71.66,1004.43,123,71,48,78,0,0
2024-04-04 06:30:27.354404,33.2,71.64,1004.43,124,71,48,78,0,0
2024-04-04 06:30:30.688096,33.21,71.65,1004.43,122,71,48,78,0,0
2024-04-04 06:30:33.484286,33.21,71.64,1004.44,122,71,48,77,1.34,41
2024-04-04 06:30:36.527960,33.21,71.62,1004.43,121,71,48,77,1.8,39
2024-04-04 06:30:39.921620,33.22,71.63,1004.43,121,71,48,77,1.71,50
2024-04-04 06:30:43.073107,33.22,71.61,1004.42,121,71,48,77,1.82,55
2024-04-04 06:30:46.147205,33.22,71.6,1004.43,122,72,49,78,2.54,55
2024-04-04 06:30:49.285582,33.22,71.6,1004.44,121,72,49,78,3.07,44
2024-04-04 06:30:52.126946,33.22,71.58,1004.44,123,71,48,76,3.31,47
2024-04-04 06:30:55.093723,33.21,71.59,1004.43,124,71,48,76,3.32,56
2024-04-04 06:30:58.247659,33.2,71.62,1004.41,125,71,48,76,3.06,59
2024-04-04 06:31:01.307685,33.2,71.63,1004.4,125,71,48,76,2.6,54
2024-04-04 06:31:04.542804,33.2,71.63,1004.39,126,71,48,76,2.16,33
2024-04-04 06:31:16.087141,33.2,71.63,1004.4,125,71,48,77,1.7,48
2024-04-04 06:31:17.612752,33.21,71.61,1004.42,125,71,48,77,1.6,45
2024-04-04 06:31:17.932832,33.21,71.66,1004.41,124,71,48,77,1.87,50
2024-04-04 06:31:17.960047,33.21,71.71,1004.4,121,71,48,77,1.76,52
2024-04-04 06:31:19.876745,33.21,71.73,1004.41,119,71,48,77,1.65,40
2024-04-04 06:31:22.999696,33.21,71.76,1004.42,120,71,48,77,1.86,40
2024-04-04 06:31:26.178683,33.21,71.77,1004.43,120,71,48,76,2.24,45
2024-04-04 06:31:29.026627,33.2,71.76,1004.44,122,71,48,76,1.68,28
2024-04-04 06:31:32.212846,33.19,71.77,1004.42,123,71,48,76,1.04,23
2024-04-04 06:31:35.191716,33.19,71.78,1004.42,123,71,47,76,1.2,48
2024-04-04 06:31:38.420367,33.19,71.76,1004.42,122,71,47,76,1.71,46
2024-04-04 06:31:41.532762,33.19,71.78,1004.42,122,71,47,76,1.93,38
2024-04-04 06:31:44.598007,33.19,71.78,1004.42,122,71,47,76,1.97,48
2024-04-04 06:31:47.996626,33.19,71.8,1004.43,120,71,47,76,1.68,43
2024-04-04 06:31:50.732707,33.19,71.78,1004.45,120,71,47,76,1.72,26
2024-04-04 06:31:54.154685,33.19,71.78,1004.45,120,71,48,76,1.84,31
2024-04-04 06:31:57.136902,33.18,71.79,1004.44,121,71,48,76,1.84,58
2024-04-04 06:32:00.325990,33.17,71.8,1004.45,122,72,48,76,2.03,67
2024-04-04 06:32:03.068810,33.16,71.83,1004.46,121,72,48,76,2.26,57
2024-04-04 06:32:06.239510,33.15,71.87,1004.46,123,72,48,76,2.15,46
2024-04-04 06:32:09.317100,33.15,71.86,1004.45,122,72,48,76,1.67,61
2024-04-04 06:32:12.543974,33.15,71.86,1004.46,121,71,48,76,1.25,74
2024-04-04 06:32:19.306553,33.15,71.84,1004.46,122,71,48,76,1.14,68
2024-04-04 06:32:20.145933,33.16,71.84,1004.46,121,71,48,76,1.41,55
2024-04-04 06:32:21.761793,33.16,71.83,1004.46,121,71,47,75,1.22,61
2024-04-04 06:32:24.729088,33.16,71.83,1004.46,121,71,47,75,0.99,58
2024-04-04 06:32:35.098761,33.16,71.83,1004.46,121,71,47,74,1.09,59
2024-04-04 06:32:35.699207,33.16,71.8,1004.46,121,71,47,74,0.97,44
2024-04-04 06:32:36.005715,33.16,71.8,1004.44,121,70,47,73,0.9,44
2024-04-04 06:32:37.100226,33.16,71.8,1004.45,120,70,47,72,1.22,56
2024-04-04 06:32:40.490907,33.16,71.78,1004.45,120,70,47,72,1.25,56
2024-04-04 06:32:43.348290,33.17,71.78,1004.45,119,70,47,72,1.07,51
2024-04-04 06:32:46.454002,33.17,71.76,1004.45,120,70,46,71,0.68,59
2024-04-04 06:32:49.456689,33.17,71.75,1004.46,119,69,46,71,0.78,64
2024-04-04 06:32:52.651051,33.17,71.74,1004.45,120,69,46,71,0.77,55
2024-04-04 06:32:55.696140,33.18,71.72,1004.45,120,69,46,71,0.89,45
2024-04-04 06:32:58.704998,33.18,71.72,1004.44,120,69,46,71,1,62
2024-04-04 06:33:01.922384,33.18,71.71,1004.44,121,69,46,71,1.09,63
2024-04-04 06:33:05.033964,33.18,71.73,1004.44,121,69,46,71,0.85,63
2024-04-04 06:33:15.887422,33.19,71.72,1004.44,120,69,46,71,0.83,65
2024-04-04 06:33:16.966708,33.19,71.7,1004.44,120,70,46,71,0.8,90
2024-04-04 06:33:17.279916,33.19,71.69,1004.42,121,70,47,71,1.27,76
2024-04-04 06:33:49.891249,33.19,71.68,1004.42,121,70,47,71,1.63,90
2024-04-04 06:33:51.420073,33.19,71.69,1004.42,122,70,47,71,1.57,90
2024-04-04 06:33:51.742382,33.19,71.71,1004.43,121,70,47,71,1.63,58
2024-04-04 06:33:51.765073,33.18,71.74,1004.44,122,70,47,71,1.83,55
2024-04-04 06:33:51.775687,33.18,71.74,1004.46,122,70,47,71,1.76,52
2024-04-04 06:33:51.779344,33.18,71.79,1004.46,122,70,47,71,1.54,41
2024-04-04 06:33:51.783326,33.18,71.81,1004.46,120,70,47,71,1.49,31
2024-04-04 06:33:54.224881,33.15,72.3,1004.43,112,70,47,73,0,0
2024-04-04 06:33:57.259953,33.15,72.18,1004.43,115,71,48,74,0.99,270
2024-04-04 06:34:00.046361,33.16,72.05,1004.43,117,71,48,74,0.95,270
2024-04-04 06:34:03.369577,33.17,71.98,1004.43,118,71,48,75,1.08,270
2024-04-04 06:34:06.495078,33.17,71.9,1004.44,118,71,48,75,0.96,270
2024-04-04 06:34:09.828063,33.18,71.87,1004.45,118,71,48,76,1,270
2024-04-04 06:34:12.680921,33.18,71.86,1004.45,117,71,48,76,0.57,270
2024-04-04 06:34:15.604286,33.18,71.84,1004.44,116,71,48,77,0,0
2024-04-04 06:34:18.644821,33.19,71.82,1004.45,114,71,48,77,0,0
2024-04-04 06:34:21.920225,33.19,71.8,1004.45,114,71,48,77,1.08,25
2024-04-04 06:34:24.893143,33.19,71.79,1004.44,117,71,49,77,1.04,48
2024-04-04 06:34:33.804612,33.19,71.77,1004.45,117,71,49,77,1.65,64
2024-04-04 06:34:34.548328,33.19,71.75,1004.45,118,71,49,78,1.88,73
2024-04-04 06:34:34.869252,33.19,71.74,1004.44,118,71,49,78,1.73,76
2024-04-04 06:34:37.501082,33.19,71.74,1004.44,119,71,49,79,0.99,90
2024-04-04 06:34:40.241819,33.19,71.72,1004.44,120,71,49,79,0,0
2024-04-04 06:34:43.475241,33.19,71.7,1004.44,120,71,49,79,0,0
2024-04-04 06:34:46.584711,33.19,71.68,1004.43,118,71,49,79,1.04,244
2024-04-04 06:34:49.804272,33.19,71.68,1004.43,118,71,49,80,0.91,249
2024-04-04 06:34:52.693430,33.19,71.64,1004.42,118,71,49,80,0.53,270
2024-04-04 06:34:55.907208,33.2,71.62,1004.43,119,71,49,80,0.58,270
2024-04-04 06:34:58.960473,33.2,71.59,1004.41,119,71,49,80,0,0
2024-04-04 06:35:01.996612,33.2,71.54,1004.42,120,71,49,80,0,0
2024-04-04 06:35:05.265911,33.2,71.48,1004.41,120,72,49,80,0,0
2024-04-04 06:35:08.173667,33.2,71.46,1004.38,120,72,49,80,0.78,130
2024-04-04 06:35:11.305660,33.2,71.46,1004.38,121,72,49,80,0.83,140
2024-04-04 06:35:14.485609,33.19,71.47,1004.39,121,72,49,80,0.53,180
2024-04-04 06:35:17.525532,33.19,71.49,1004.41,121,72,49,79,0,0
2024-04-04 06:35:20.455555,33.19,71.48,1004.43,121,72,49,78,0,0
2024-04-04 06:35:23.816864,33.18,71.5,1004.43,120,72,49,78,0,0
2024-04-04 06:35:26.717836,33.17,71.52,1004.45,122,72,49,78,1.61,51
2024-04-04 06:35:30.052668,33.17,71.56,1004.45,122,72,49,77,1.88,65
2024-04-04 06:35:32.898576,33.16,71.57,1004.44,122,73,49,78,1.83,78
2024-04-04 06:35:36.320443,33.16,71.58,1004.44,123,73,49,78,1.35,90
2024-04-04 06:35:39.016921,33.16,71.56,1004.43,122,73,49,77,0.89,90
2024-04-04 06:35:42.305505,33.16,71.53,1004.43,121,73,49,77,0.72,90
2024-04-04 06:35:45.661209,33.17,71.52,1004.41,122,72,48,75,0.85,90
2024-04-04 06:35:48.586564,33.16,71.49,1004.39,122,72,48,75,0.7,64
2024-04-04 06:35:51.477855,33.16,71.51,1004.39,122,72,48,76,0.83,63
2024-04-04 06:35:54.666693,33.16,71.5,1004.41,123,72,48,75,1.17,69
2024-04-04 06:35:57.578025,33.16,71.5,1004.41,122,72,48,75,1.06,90
2024-04-04 06:36:00.859079,33.16,71.47,1004.41,123,72,48,75,0.78,90
2024-04-04 06:36:03.942811,33.16,71.44,1004.4,123,72,48,75,1.06,63
2024-04-04 06:36:07.139105,33.15,71.42,1004.4,122,72,48,75,2.1,59
2024-04-04 06:36:10.318516,33.15,71.43,1004.41,123,72,48,75,2.44,53
2024-04-04 06:36:13.467347,33.15,71.44,1004.43,123,72,49,76,2.99,53
2024-04-04 06:36:16.317407,33.14,71.43,1004.44,124,72,49,76,2.49,60
2024-04-04 06:36:19.396444,33.13,71.43,1004.43,124,71,48,74,1.74,59
2024-04-04 06:36:31.358783,33.13,71.43,1004.44,123,71,48,74,1.4,50
2024-04-04 06:36:37.575650,33.13,71.45,1004.42,124,71,48,74,1.14,57
2024-04-04 06:36:37.888841,33.12,71.43,1004.4,124,71,48,74,1.12,72
2024-04-04 06:36:37.911098,33.12,71.44,1004.39,123,71,48,74,1.24,75
2024-04-04 06:36:38.676670,33.12,71.42,1004.37,123,70,48,74,1.33,77
2024-04-04 06:36:38.996145,33.12,71.42,1004.38,124,70,48,74,1.3,90
2024-04-04 06:36:40.907735,33.12,71.41,1004.36,122,70,48,73,1.35,90
2024-04-04 06:36:44.735188,33.12,71.42,1004.38,123,70,48,73,1.12,74
2024-04-04 06:36:47.319823,33.12,71.4,1004.39,123,71,48,73,1.6,60
2024-04-04 06:36:50.397017,33.12,71.42,1004.4,123,71,48,73,2.04,47
2024-04-04 06:37:01.029861,33.12,71.43,1004.39,123,71,48,73,2.03,57
2024-04-04 06:37:01.475453,33.12,71.4,1004.39,122,71,48,73,2.61,64
2024-04-04 06:37:01.788836,33.11,71.42,1004.4,123,71,47,73,2.75,65
2024-04-04 06:37:02.843068,33.11,71.44,1004.4,123,71,47,73,2.15,69
2024-04-04 06:37:05.947447,33.11,71.44,1004.41,122,71,47,73,2.02,75
2024-04-04 06:37:08.705903,33.11,71.41,1004.39,122,71,47,73,1.21,68
2024-04-04 06:37:21.061531,33.11,71.39,1004.41,121,71,47,74,0,0
2024-04-04 06:37:24.264649,33.11,71.38,1004.39,120,71,47,74,0,0
2024-04-04 06:37:24.585847,33.11,71.37,1004.39,121,71,47,74,0,0
2024-04-04 06:37:24.585847,33.11,71.35,1004.38,120,71,47,74,0.56,90
2024-04-04 06:37:24.913972,33.11,71.35,1004.38,120,71,47,74,0.56,90
2024-04-04 06:37:27.789044,33.11,71.36,1004.37,118,72,48,75,0.73,90
2024-04-04 06:37:30.351495,33.11,71.38,1004.37,118,72,48,75,2.25,67
                                                                     